{"training_loss": [0.970038115978241, 0.7169061303138733, 0.6501160860061646, 0.6015340089797974, 0.559161901473999, 0.5312656760215759, 0.5094032287597656, 0.4900458753108978, 0.4695117175579071, 0.4536098837852478, 0.4396772086620331, 0.42789867520332336, 0.416547954082489, 0.4072560966014862, 0.40217655897140503, 0.3946869671344757, 0.38839781284332275, 0.3825717866420746, 0.3785739541053772, 0.37247592210769653, 0.36934390664100647, 0.3640858829021454, 0.3601791560649872, 0.3571476936340332, 0.35434767603874207, 0.35429126024246216, 0.34801602363586426, 0.3449724614620209, 0.3429691195487976, 0.3412030339241028, 0.33859795331954956, 0.33709070086479187, 0.3341136872768402, 0.3327311873435974, 0.33048015832901, 0.3284684121608734, 0.32674261927604675, 0.32756900787353516, 0.3237943947315216, 0.3222893178462982, 0.32097122073173523, 0.3194727599620819, 0.3186030983924866, 0.3163987696170807, 0.3147091567516327, 0.3131285309791565, 0.3116621971130371, 0.3110005557537079, 0.3089156746864319, 0.3072758913040161, 0.30557122826576233, 0.303193062543869, 0.3010833263397217, 0.29916656017303467, 0.2970040738582611, 0.29534247517585754, 0.29259976744651794, 0.2890409231185913, 0.28600218892097473, 0.2820815145969391, 0.2790379524230957, 0.27536287903785706, 0.2721851170063019, 0.2688520550727844, 0.26588964462280273, 0.26327577233314514, 0.26108410954475403, 0.2594299614429474, 0.25586870312690735, 0.25351986289024353, 0.25150027871131897, 0.24957022070884705, 0.24796363711357117, 0.24730278551578522, 0.24453875422477722, 0.24564127624034882, 0.24186211824417114, 0.2404714673757553, 0.23949280381202698, 0.23883086442947388, 0.23685896396636963, 0.23794689774513245, 0.23475122451782227, 0.23344136774539948, 0.2333114594221115, 0.23131738603115082, 0.23034556210041046, 0.22946740686893463, 0.22840945422649384, 0.227212592959404, 0.2262105941772461, 0.2255234718322754, 0.2250736504793167, 0.22336705029010773, 0.22324709594249725, 0.22128425538539886, 0.22082260251045227, 0.21983745694160461, 0.21870428323745728, 0.21782827377319336], "validation_loss": [0.9698082804679871, 0.7214974164962769, 0.6566084027290344, 0.6070005297660828, 0.5643896460533142, 0.5383796691894531, 0.5166497230529785, 0.4977102279663086, 0.47630733251571655, 0.46041226387023926, 0.4465213418006897, 0.43460607528686523, 0.4226631224155426, 0.41423311829566956, 0.4089948832988739, 0.4020550847053528, 0.39628201723098755, 0.3908918499946594, 0.3872402310371399, 0.3810308873653412, 0.3781434893608093, 0.3739830255508423, 0.3705363869667053, 0.36802759766578674, 0.36516308784484863, 0.3636358678340912, 0.35844185948371887, 0.3552582561969757, 0.35376986861228943, 0.3524007797241211, 0.3495344817638397, 0.34841352701187134, 0.3452325165271759, 0.34312230348587036, 0.34072741866111755, 0.3390740752220154, 0.33717289566993713, 0.3384547829627991, 0.3343678116798401, 0.33338797092437744, 0.33143582940101624, 0.3305419981479645, 0.33043619990348816, 0.32695093750953674, 0.32536306977272034, 0.32438796758651733, 0.3225618302822113, 0.32136011123657227, 0.31987902522087097, 0.31799811124801636, 0.3163944184780121, 0.3134566843509674, 0.3115634620189667, 0.3099350035190582, 0.30762970447540283, 0.3045423924922943, 0.3028286397457123, 0.29858601093292236, 0.29438820481300354, 0.29036223888397217, 0.28755006194114685, 0.2836477756500244, 0.2801370620727539, 0.27646878361701965, 0.27323228120803833, 0.2704181969165802, 0.2680603265762329, 0.26613742113113403, 0.26253485679626465, 0.2596172094345093, 0.2574300765991211, 0.25559917092323303, 0.25354066491127014, 0.2530539929866791, 0.25009360909461975, 0.2500065565109253, 0.24690918624401093, 0.2459227442741394, 0.24427689611911774, 0.24428078532218933, 0.24210217595100403, 0.24178269505500793, 0.23936612904071808, 0.238180011510849, 0.23843789100646973, 0.23587657511234283, 0.23489752411842346, 0.23371779918670654, 0.23284481465816498, 0.23163671791553497, 0.2303418219089508, 0.22947081923484802, 0.229776069521904, 0.2273607701063156, 0.22689655423164368, 0.22541488707065582, 0.22465786337852478, 0.2238806039094925, 0.22264590859413147, 0.22148676216602325], "testing_loss": 0.24284693598747253}