{"training_loss": [0.9595537781715393, 0.7018230557441711, 0.6158924102783203, 0.537343442440033, 0.4894329905509949, 0.45623478293418884, 0.43328630924224854, 0.4165811240673065, 0.4027072787284851, 0.38969686627388, 0.3786891996860504, 0.3690004348754883, 0.3615058958530426, 0.35252586007118225, 0.3451719284057617, 0.3392445743083954, 0.33185875415802, 0.32435110211372375, 0.3157612383365631, 0.30765843391418457, 0.30069226026535034, 0.2952266335487366, 0.2892213463783264, 0.2849327027797699, 0.28134170174598694, 0.27782100439071655, 0.27503564953804016, 0.2728673219680786, 0.2688864469528198, 0.2679102420806885], "validation_loss": [0.959338903427124, 0.7063062787055969, 0.6215295791625977, 0.5426806211471558, 0.49434927105903625, 0.461225688457489, 0.4379599988460541, 0.4216457009315491, 0.4069260358810425, 0.39491620659828186, 0.3836726248264313, 0.374645859003067, 0.3670242130756378, 0.35814544558525085, 0.3511020541191101, 0.344887375831604, 0.3375528156757355, 0.33067378401756287, 0.32095304131507874, 0.31258681416511536, 0.30564868450164795, 0.3003433346748352, 0.29337751865386963, 0.28867968916893005, 0.2851724922657013, 0.2816649377346039, 0.27873361110687256, 0.27763116359710693, 0.27273809909820557, 0.27277255058288574], "training_accuracy": [0.2797747942832395, 0.20124151869496174, 0.20412877147394254, 0.32048505846686876, 0.2929117944276021, 0.1960444636927963, 0.29435542081709254, 0.19214667244117223, 0.19214667244117223, 0.1869496174390068, 0.30373899234878016, 0.2994081131803089, 0.27342283816948176, 0.23661036523747653, 0.24469467301862277, 0.2338674750974448, 0.23487801357008806, 0.23112458495741303, 0.22765988162263606, 0.26837014580626534, 0.27428901400317596, 0.2770319041432077, 0.21611087050671288, 0.27241229969683844, 0.22405081564891005, 0.2162552331456619, 0.27789807997690197, 0.21538905731196767, 0.21250180453298687, 0.21668832106250902], "validation_accuracy": [0.32036382011116726, 0.20768064679130874, 0.2753916119252148, 0.20515411824153612, 0.27286508337544213, 0.28802425467407783, 0.20970186963112683, 0.28196058615462355, 0.19858514401212735, 0.18089944416371906, 0.18140474987367358, 0.3168266801414856, 0.3218797372410308, 0.2784234461849419, 0.21829206670035373, 0.22587165234967155, 0.2516422435573522, 0.24962102071753411, 0.2425467407781708, 0.2177867609903992, 0.20060636685194544, 0.2026275896917635, 0.19807983830217282, 0.20414350682162707, 0.2945932289034866, 0.30015159171298633, 0.31126831733198584, 0.16270843860535625, 0.16472966144517434, 0.32693279434057604], "testing_loss": 0.29049035906791687, "testing_accuracy": 0.3007063572149344}