{"training_loss": [0.9704155325889587, 0.724105954170227, 0.6555380821228027, 0.6017629504203796, 0.5634116530418396, 0.5350468754768372, 0.5122870206832886, 0.4915669858455658, 0.47233909368515015, 0.4574125409126282, 0.4415048062801361, 0.4283088743686676, 0.41822609305381775, 0.4085174798965454, 0.4011085331439972, 0.39356836676597595, 0.3869536519050598, 0.380923330783844, 0.37476998567581177, 0.36973491311073303, 0.3649560809135437, 0.3614881932735443, 0.35583916306495667, 0.35210421681404114, 0.3487713038921356, 0.34483540058135986, 0.3424449563026428, 0.3395032286643982, 0.3372959494590759, 0.3336854875087738, 0.33275002241134644, 0.3286428153514862, 0.32646021246910095, 0.32413989305496216, 0.32430267333984375, 0.3220263719558716, 0.31937897205352783, 0.3164801597595215, 0.31473496556282043, 0.31274303793907166, 0.31127768754959106, 0.309500128030777, 0.30811071395874023, 0.30580708384513855, 0.30471011996269226, 0.3024631440639496, 0.3004647195339203, 0.29877546429634094, 0.29768767952919006, 0.29575279355049133, 0.2964456379413605, 0.29395657777786255, 0.29174333810806274, 0.2898010015487671, 0.28859663009643555, 0.28719666600227356, 0.2857487201690674, 0.2843656837940216, 0.28431329131126404, 0.2831270694732666, 0.2809801399707794, 0.2795638144016266, 0.2788093090057373, 0.2770710289478302, 0.27585741877555847, 0.27449411153793335, 0.273915559053421, 0.2715902626514435, 0.27008113265037537, 0.2683625817298889, 0.26605066657066345, 0.26523059606552124, 0.2622002363204956, 0.2618238627910614, 0.25777968764305115, 0.25654396414756775, 0.25417694449424744, 0.25261390209198, 0.2514423727989197, 0.24961358308792114, 0.2489289939403534, 0.24617858231067657, 0.24490000307559967, 0.24336929619312286, 0.24232734739780426, 0.24060529470443726, 0.23898597061634064, 0.237748384475708, 0.23632864654064178, 0.23564542829990387, 0.23418788611888885, 0.23291803896427155, 0.23165656626224518, 0.23102374374866486, 0.23013624548912048, 0.22848236560821533, 0.22744950652122498, 0.22664237022399902, 0.2259368896484375, 0.22485315799713135], "validation_loss": [0.9690964221954346, 0.7291118502616882, 0.6618887782096863, 0.6080839037895203, 0.5683256983757019, 0.5410335063934326, 0.5187798142433167, 0.4984007775783539, 0.4796789884567261, 0.46463048458099365, 0.4490578770637512, 0.4364016354084015, 0.42692092061042786, 0.4168778955936432, 0.4096868634223938, 0.4017816483974457, 0.395510196685791, 0.3891483545303345, 0.3829115927219391, 0.3785066604614258, 0.3726596236228943, 0.3701820969581604, 0.36361169815063477, 0.3608078360557556, 0.3569455146789551, 0.3532196879386902, 0.3512100279331207, 0.3480909466743469, 0.34663820266723633, 0.3423960506916046, 0.34185677766799927, 0.3375355303287506, 0.33550727367401123, 0.33322128653526306, 0.3330041766166687, 0.33065932989120483, 0.32827863097190857, 0.3255954086780548, 0.32395899295806885, 0.3218522071838379, 0.3205021619796753, 0.3183301091194153, 0.3180328607559204, 0.3143587112426758, 0.31431692838668823, 0.311361700296402, 0.3095264434814453, 0.3072642385959625, 0.3061945140361786, 0.30498531460762024, 0.3065321743488312, 0.3019363284111023, 0.29959815740585327, 0.2980901598930359, 0.29691755771636963, 0.2956986427307129, 0.2935998737812042, 0.2924777567386627, 0.2923126518726349, 0.2908531427383423, 0.2891603708267212, 0.2881425619125366, 0.28694233298301697, 0.2846590578556061, 0.28343695402145386, 0.28157228231430054, 0.28194770216941833, 0.2782334089279175, 0.276752769947052, 0.2759476900100708, 0.27292582392692566, 0.27113330364227295, 0.26886609196662903, 0.26757121086120605, 0.26374852657318115, 0.2617351710796356, 0.2600053548812866, 0.2576987147331238, 0.2560513913631439, 0.2547833323478699, 0.25373655557632446, 0.25146347284317017, 0.2497030347585678, 0.24800889194011688, 0.24687056243419647, 0.2447396218776703, 0.24323929846286774, 0.24202768504619598, 0.24091820418834686, 0.2392759919166565, 0.23790691792964935, 0.23652692139148712, 0.23591050505638123, 0.23570916056632996, 0.23431557416915894, 0.23205438256263733, 0.23090150952339172, 0.23064498603343964, 0.229241743683815, 0.22833086550235748], "testing_loss": 0.2502318024635315}