{"training_loss": [0.9764513373374939, 0.7277539372444153], "validation_loss": [0.976598858833313, 0.7315461039543152], "testing_loss": 0.7182652354240417, "testing_accuracy": 0.2058526740665994}