{"training_loss": [0.9755319356918335, 0.7317368984222412, 0.6380153298377991, 0.5667614340782166, 0.5014691352844238, 0.4633408486843109, 0.4373311698436737, 0.418084979057312, 0.4028359055519104, 0.38866865634918213, 0.377079576253891, 0.3681861162185669, 0.3567064106464386, 0.3492077887058258, 0.34221115708351135, 0.33384445309638977, 0.32650068402290344, 0.3206506371498108, 0.3126671612262726, 0.31067004799842834, 0.30154845118522644, 0.2978699207305908, 0.292570024728775, 0.28864356875419617, 0.28485336899757385, 0.2811695635318756, 0.2804383337497711, 0.27629613876342773, 0.2724224627017975, 0.27102965116500854, 0.2676190137863159, 0.26494720578193665, 0.2625375986099243, 0.26037928462028503, 0.2580038011074066, 0.2561938762664795, 0.25445127487182617, 0.2526625990867615, 0.25214263796806335, 0.2494116872549057, 0.2486986219882965, 0.24636998772621155, 0.2452407330274582, 0.2455182671546936, 0.2421291321516037, 0.24120864272117615, 0.23959244787693024, 0.23768147826194763, 0.23636211454868317, 0.23629418015480042, 0.2342955619096756, 0.2325243353843689, 0.23114868998527527, 0.23036721348762512, 0.2297133058309555, 0.227586030960083, 0.22706808149814606, 0.22520007193088531, 0.22446385025978088, 0.2228289544582367, 0.2216494083404541, 0.22144712507724762, 0.21942771971225739, 0.21852490305900574, 0.21779850125312805, 0.2157735377550125, 0.21468067169189453, 0.21345174312591553, 0.21213293075561523, 0.21058572828769684, 0.20923306047916412, 0.2075931280851364, 0.2064962387084961, 0.2052253782749176, 0.20309193432331085, 0.20141911506652832, 0.19968178868293762, 0.19791138172149658, 0.1963609904050827, 0.19402895867824554, 0.19211460649967194, 0.19011344015598297, 0.18853545188903809, 0.18612627685070038, 0.18404488265514374, 0.1822514533996582, 0.18110352754592896, 0.17903921008110046, 0.17730651795864105, 0.17571784555912018, 0.1747485250234604, 0.17369411885738373, 0.17214104533195496, 0.1714811623096466, 0.1702147275209427, 0.16932405531406403, 0.16925311088562012, 0.16760407388210297, 0.16684795916080475, 0.16587133705615997], "validation_loss": [0.976822555065155, 0.7362462282180786, 0.6444474458694458, 0.5719301104545593, 0.504362165927887, 0.4662657380104065, 0.4399715065956116, 0.4208419620990753, 0.40570324659347534, 0.39211761951446533, 0.3811642825603485, 0.37367483973503113, 0.3611462116241455, 0.3539031744003296, 0.3478268086910248, 0.33918750286102295, 0.3310748338699341, 0.32421886920928955, 0.3168129324913025, 0.3132607936859131, 0.3053596317768097, 0.3026030659675598, 0.2968985438346863, 0.292196661233902, 0.28880923986434937, 0.28499355912208557, 0.2853960692882538, 0.2811877131462097, 0.275851845741272, 0.2739540934562683, 0.27066078782081604, 0.26822370290756226, 0.2669524848461151, 0.26478248834609985, 0.2614862620830536, 0.2596224546432495, 0.25798463821411133, 0.25677454471588135, 0.25505414605140686, 0.25324490666389465, 0.25171133875846863, 0.25036558508872986, 0.24856166541576385, 0.2480013370513916, 0.24557094275951385, 0.2441708743572235, 0.24253831803798676, 0.24132904410362244, 0.24007560312747955, 0.23897722363471985, 0.2372126281261444, 0.2359994798898697, 0.23479881882667542, 0.23357820510864258, 0.23400625586509705, 0.23073962330818176, 0.22983521223068237, 0.2288547307252884, 0.227491557598114, 0.22645333409309387, 0.22532621026039124, 0.22582024335861206, 0.22303153574466705, 0.22172391414642334, 0.2209227830171585, 0.21953055262565613, 0.21862654387950897, 0.21686586737632751, 0.21600595116615295, 0.21454425156116486, 0.213304340839386, 0.21144096553325653, 0.21060198545455933, 0.2082672417163849, 0.2070222645998001, 0.20522215962409973, 0.2032107710838318, 0.2015533298254013, 0.19900992512702942, 0.1969900131225586, 0.19511649012565613, 0.19294434785842896, 0.19021092355251312, 0.1880362331867218, 0.1864316165447235, 0.18446916341781616, 0.18231050670146942, 0.18020975589752197, 0.17872583866119385, 0.1772492527961731, 0.17582793533802032, 0.1745644211769104, 0.17345663905143738, 0.1729556769132614, 0.17132169008255005, 0.17049507796764374, 0.16951975226402283, 0.16859352588653564, 0.1677931249141693, 0.16673392057418823], "testing_loss": 0.18425679206848145}